#SNOWEX IOP GRAND MESA,Unnamed: 1,Unnamed: 2,Unnamed: 3,Unnamed: 4,Unnamed: 5,Unnamed: 6,Unnamed: 7,Unnamed: 8
#SMP MEASUREMENTS,,,,,,,,
#Level_1=omitted files removed from level_0,,,,,,,,
#OBSERVER:,"Megan Mason (MM), HP Marshall (HP), Ioanna Merkouriadi (IM)",,,,,,,
"#P=pitwall measurement, P_top=top portion of pit, P_mid=mid portion, P_bot=bottom portion",,,,,,,,
#SMP instrument number: ,,"06=SMP06 (short), 19=SMP19 (1.75m, longest), 19b=SMP19re-born (parts harvested from SMP06)",,,,,,
#Orientation:,"ex, N5,N4,N3,N2,N1=10,20,30,40,50m, C=Center (transect crossing point)",,,,,,,
"#CK=check when plotting, something doesn't align with notes",,,,,,,,
#NA=measurement not taken or not applicable,,,,,,,,
Date,Pit ID,SMP instrument # ,Fname sufix,Orientation,Snow depth,Flag,Observer,Comments
2020-01-28 00:00:00,6N18,19,689,N1,,,MM,
2020-01-28 00:00:00,6N18,19,690,N2,,,MM,
2020-01-28 00:00:00,6N18,19,691,N3,,,MM,
2020-01-28 00:00:00,6N18,19,692,N4,,,MM,
2020-01-28 00:00:00,6N18,19,693,N5,,,MM,
2020-01-28 00:00:00,6N18,19,694,N6,,,MM,
2020-01-28 00:00:00,6N18,19,695,C,,,MM,transect cross (tx)
2020-01-28 00:00:00,6N18,19,696,S6,,,MM,
2020-01-28 00:00:00,6N18,19,697,S5,,,MM,
2020-01-28 00:00:00,6N18,19,698,S4,,,MM,
2020-01-28 00:00:00,6N18,19,699,S3,,,MM,
2020-01-28 00:00:00,6N18,19,700,S2,,,MM,
2020-01-28 00:00:00,6N18,19,701,S1,,,MM,
2020-01-28 00:00:00,6N18,19,702,E1,,,MM,
2020-01-28 00:00:00,6N18,19,704,E3,,,MM,
2020-01-28 00:00:00,6N18,19,705,E4,,,MM,
2020-01-28 00:00:00,6N18,19,706,E5,,,MM,
2020-01-28 00:00:00,6N18,19,707,E6,,,MM,
2020-01-28 00:00:00,6N18,19,708,C,,,MM,tx
2020-01-28 00:00:00,6N18,19,709,W6,,,MM,
2020-01-28 00:00:00,6N18,19,710,W5,,,MM,
2020-01-28 00:00:00,6N18,19,711,W4,,,MM,
2020-01-28 00:00:00,6N18,19,712,W3,,,MM,
2020-01-28 00:00:00,6N18,19,713,W2,,,MM,
2020-01-28 00:00:00,6N18,19,714,W1,,,MM,
2020-01-28 00:00:00,6N18,19,715,P,,,MM,
2020-01-28 00:00:00,6N18,19,716,P,,,MM,
2020-01-28 00:00:00,6N18,19,717,P,,,MM,
2020-01-28 00:00:00,5N19,19,718,N1,,,MM,
2020-01-28 00:00:00,5N19,19,719,N2,,,MM,
2020-01-28 00:00:00,5N19,19,720,N3,,,MM,
2020-01-28 00:00:00,5N19,19,721,N4,,,MM,
2020-01-28 00:00:00,5N19,19,722,N5,,,MM,
2020-01-28 00:00:00,5N19,19,723,C,,,MM,
2020-01-28 00:00:00,5N19,19,724,S5,,,MM,
2020-01-28 00:00:00,5N19,19,725,S4,,,MM,
2020-01-28 00:00:00,5N19,19,726,S3,,,MM,
2020-01-28 00:00:00,5N19,19,727,S2,,,MM,
2020-01-28 00:00:00,5N19,19,728,S1,,,MM,
2020-01-28 00:00:00,5N19,19,729,E1,,,MM,canopy edge
2020-01-28 00:00:00,5N19,19,730,E2,,,MM,canopy edge
2020-01-28 00:00:00,5N19,19,731,E3,,,MM,
2020-01-28 00:00:00,5N19,19,732,E4,,,MM,"on snowmobile track, didn't hit the bottom"
2020-01-28 00:00:00,5N19,19,733,E5,,,MM,repeat on fresh
2020-01-28 00:00:00,5N19,19,734,E6,,,MM,
2020-01-28 00:00:00,5N19,19,735,C,,,MM,tx
2020-01-28 00:00:00,5N19,19,736,W6,,,MM,
2020-01-28 00:00:00,5N19,19,737,W5,,,MM,
2020-01-28 00:00:00,5N19,19,738,W4,,,MM,
2020-01-28 00:00:00,5N19,19,739,W3,,,MM,
2020-01-28 00:00:00,5N19,19,742,W1,,,MM,repeat
2020-01-28 00:00:00,5N19,19,743,P,,,MM,
2020-01-28 00:00:00,5N19,19,744,P,,,MM,
2020-01-28 00:00:00,5N19,19,745,P,,,MM,
2020-01-28 00:00:00,3N22,19,746,N1,,,MM,
2020-01-28 00:00:00,3N22,19,747,N2,,,MM,
2020-01-28 00:00:00,3N22,19,748,N3,,,MM,
2020-01-28 00:00:00,3N22,19,749,N4,,,MM,
2020-01-28 00:00:00,3N22,19,750,N5,,,MM,
2020-01-28 00:00:00,3N22,19,751,C,,,MM,tx
2020-01-28 00:00:00,3N22,19,752,S5,,,MM,
2020-01-28 00:00:00,3N22,19,753,S4,,,MM,
2020-01-28 00:00:00,3N22,19,755,S3,,,MM,repeat
2020-01-28 00:00:00,3N22,19,756,S2,,,MM,
2020-01-28 00:00:00,3N22,19,757,S1,,,MM,
2020-01-28 00:00:00,3N22,19,758,E1,,,MM,near solo tree
2020-01-28 00:00:00,3N22,19,759,E2,,,MM,near solo tree
2020-01-28 00:00:00,3N22,19,760,E3,,,MM,
2020-01-28 00:00:00,3N22,19,761,E4,,,MM,
2020-01-28 00:00:00,3N22,19,762,E5,,,MM,
2020-01-28 00:00:00,3N22,19,763,C,,,MM,tx
2020-01-28 00:00:00,3N22,19,764,W5,,,MM,
2020-01-28 00:00:00,3N22,19,765,W4,,,MM,
2020-01-28 00:00:00,3N22,19,766,W3,,,MM,
2020-01-28 00:00:00,3N22,19,767,W4,,,MM,
2020-01-28 00:00:00,3N22,19,768,W5,,,MM,
2020-01-28 00:00:00,3N22,19,769,P,,,MM,
2020-01-28 00:00:00,3N22,19,770,P,,,MM,
2020-01-28 00:00:00,3N22,19,771,P,,,MM,
2020-01-28 00:00:00,8N25,19,772,W1,,,MM,medium canopy cover
2020-01-28 00:00:00,8N25,19,773,W2,,,MM,medium canopy cover
2020-01-28 00:00:00,8N25,19,774,W3,,,MM,medium canopy cover
2020-01-28 00:00:00,8N25,19,775,W4,,,MM,medium canopy cover
2020-01-28 00:00:00,8N25,19,776,W5,,,MM,
2020-01-28 00:00:00,8N25,19,777,C,,,MM,tx
2020-01-28 00:00:00,8N25,19,778,E5,,,MM,
2020-01-28 00:00:00,8N25,19,779,E4,,,MM,
2020-01-28 00:00:00,8N25,19,780,E3,,,MM,
2020-01-28 00:00:00,8N25,19,781,E2,,,MM,forested
2020-01-28 00:00:00,8N25,19,782,E1,,,MM,forested
2020-01-28 00:00:00,8N25,19,783,N1,,,MM,
2020-01-28 00:00:00,8N25,19,785,N2,,,MM,repeat
2020-01-28 00:00:00,8N25,19,786,N3,,,MM,
2020-01-28 00:00:00,8N25,19,787,N4,,,MM,
2020-01-28 00:00:00,8N25,19,788,N5,,,MM,
2020-01-28 00:00:00,8N25,19,789,C,,,MM,tx
2020-01-28 00:00:00,8N25,19,790,S5,,,MM,
2020-01-28 00:00:00,8N25,19,791,S4,,,MM,
2020-01-28 00:00:00,8N25,19,792,S3,,,MM,
2020-01-28 00:00:00,8N25,19,793,S2,,,MM,
2020-01-28 00:00:00,8N25,19,794,S1,,,MM,
2020-01-28 00:00:00,8N25,19,795,P,,,MM,
2020-01-28 00:00:00,8N25,19,796,P,,,MM,
2020-01-28 00:00:00,8N25,19,797,P,,,MM,
2020-01-28 00:00:00,2N4,6,602,W4,,,IM,
2020-01-28 00:00:00,2N4,6,603,W3,,,IM,
2020-01-28 00:00:00,2N4,6,604,W1,,,IM,
2020-01-28 00:00:00,2N4,6,605,W2,,,IM,
2020-01-28 00:00:00,2N4,6,606,N1,,,IM,
2020-01-28 00:00:00,2N4,6,607,N2,,,IM,
2020-01-28 00:00:00,2N4,6,608,N3,,,IM,
2020-01-28 00:00:00,2N4,6,609,N4,,,IM,
2020-01-28 00:00:00,2N4,6,610,N5,,,IM,
2020-01-28 00:00:00,2N4,6,611,S5,,,IM,
2020-01-28 00:00:00,2N4,6,612,S4,,,IM,
2020-01-28 00:00:00,2N4,6,613,S3,,,IM,
2020-01-28 00:00:00,2N4,6,614,S2,,,IM,
2020-01-28 00:00:00,2N4,6,615,S1,,,IM,
2020-01-28 00:00:00,2N4,6,616,E1,,,IM,
2020-01-28 00:00:00,2N4,6,617,E2,,,IM,
2020-01-28 00:00:00,2N4,6,618,E3,,,IM,
2020-01-28 00:00:00,2N4,6,619,E4,,,IM,
2020-01-28 00:00:00,2N4,6,620,E5,,,IM,
2020-01-28 00:00:00,2N4,6,621,C,,,IM,
2020-01-28 00:00:00,2N4,6,622,W5,,,IM,
2020-01-28 00:00:00,2N4,6,623,P,,,IM,
2020-01-28 00:00:00,2N4,6,624,P,,,IM,
2020-01-28 00:00:00,2N4,6,625,P,,,IM,
2020-01-28 00:00:00,1N6,6,626,E1,,,IM,
2020-01-28 00:00:00,1N6,6,629,E2,,,IM,
2020-01-28 00:00:00,1N6,6,630,E3,,,IM,
2020-01-28 00:00:00,1N6,6,631,E4,,,IM,
2020-01-28 00:00:00,1N6,6,632,E5,,,IM,
2020-01-28 00:00:00,1N6,6,633,C,,,IM,
2020-01-28 00:00:00,1N6,6,634,W5,,,IM,
2020-01-28 00:00:00,1N6,6,635,W4,,,IM,
2020-01-28 00:00:00,1N6,6,636,W3,,,IM,
2020-01-28 00:00:00,1N6,6,637,W2,,,IM,
2020-01-28 00:00:00,1N6,6,638,W1,,,IM,
2020-01-28 00:00:00,1N6,6,639,N1,,,IM,
2020-01-28 00:00:00,1N6,6,640,N2,,,IM,
2020-01-28 00:00:00,1N6,6,641,N3,,,IM,
2020-01-28 00:00:00,1N6,6,642,N4,,,IM,
2020-01-28 00:00:00,1N6,6,643,N5,,,IM,
2020-01-28 00:00:00,1N6,6,644,S5,,,IM,
2020-01-28 00:00:00,1N6,6,645,S4,,,IM,
2020-01-28 00:00:00,1N6,6,646,S3,,,IM,
2020-01-28 00:00:00,1N6,6,647,S2,,,IM,
2020-01-28 00:00:00,1N6,6,648,S1,,,IM,
2020-01-28 00:00:00,1N6,6,649,P_top1,,,IM,set SPM depth to 50 cm to avoid hitting the ground
2020-01-28 00:00:00,1N6,6,650,P_top2,,,IM,set SPM depth to 50 cm to avoid hitting the ground
2020-01-28 00:00:00,1N6,6,651,P_top3,,,IM,set SPM depth to 50 cm to avoid hitting the ground
2020-01-28 00:00:00,1N6,6,652,P_mid1,52,,IM,set SPM depth to 50 cm to avoid hitting the ground
2020-01-28 00:00:00,1N6,6,653,P_mid2,52,,IM,set SPM depth to 50 cm to avoid hitting the ground
2020-01-28 00:00:00,1N6,6,654,P_mid3,52,,IM,set SPM depth to 50 cm to avoid hitting the ground
2020-01-28 00:00:00,1N6,6,655,P_bot2,,,IM,set SPM depth to 50 cm to avoid hitting the ground
2020-01-28 00:00:00,1N6,6,657,P_bot3,52,,IM,set SPM depth to 50 cm to avoid hitting the ground
2020-01-28 00:00:00,5N10,6,659,S2,,,IM,There was no time for the whole cross section. Measurements where taken between the spiral lines of HP's radar route. 
2020-01-28 00:00:00,5N10,6,660,S1,,,IM,
2020-01-28 00:00:00,5N10,6,662,S3,,,IM,
2020-01-28 00:00:00,5N10,6,664,N3,,,IM,
2020-01-28 00:00:00,5N10,6,665,N2,,,IM,
2020-01-28 00:00:00,5N10,6,666,N1,,,IM,
2020-01-28 00:00:00,5N10,6,667,W1,,,IM,
2020-01-28 00:00:00,5N10,6,668,W2,,,IM,
2020-01-28 00:00:00,5N10,6,669,W3,,,IM,
2020-01-28 00:00:00,5N10,6,670,E3,,,IM,
2020-01-28 00:00:00,5N10,6,671,E2,,,IM,
2020-01-28 00:00:00,5N10,6,672,E1,,,IM,
2020-01-28 00:00:00,5N10,6,673,P_top1,,,IM,
2020-01-28 00:00:00,5N10,6,674,P_top2,,,IM,
2020-01-28 00:00:00,5N10,6,675,P_top3,,,IM,
2020-01-28 00:00:00,5N10,6,676,P_bot1,25,,IM,
2020-01-28 00:00:00,5N10,6,677,P_bot2,25,,IM,
2020-01-28 00:00:00,5N10,6,678,P_bot3,25,,IM,
2020-01-29 00:00:00,1S1,19,798,N1,,,MM,
2020-01-29 00:00:00,1S1,19,799,N2,,,MM,
2020-01-29 00:00:00,1S1,19,800,N3,,,MM,
2020-01-29 00:00:00,1S1,19,801,N4,,,MM,
2020-01-29 00:00:00,1S1,19,802,N5,,,MM,
2020-01-29 00:00:00,1S1,19,803,C,,,MM,
2020-01-29 00:00:00,1S1,19,804,S5,,,MM,
2020-01-29 00:00:00,1S1,19,805,S4,,,MM,
2020-01-29 00:00:00,1S1,19,806,S3,,,MM,
2020-01-29 00:00:00,1S1,19,807,S2,,,MM,
2020-01-29 00:00:00,1S1,19,808,S1,,,MM,
2020-01-29 00:00:00,1S1,19,809,E1,,,MM,
2020-01-29 00:00:00,1S1,19,810,E2,,,MM,
2020-01-29 00:00:00,1S1,19,811,E3,,,MM,
2020-01-29 00:00:00,1S1,19,812,E4,,,MM,
2020-01-29 00:00:00,1S1,19,813,E5,,,MM,
2020-01-29 00:00:00,1S1,19,814,W5,,,MM,
2020-01-29 00:00:00,1S1,19,815,W4,,,MM,
2020-01-29 00:00:00,1S1,19,816,W3,,,MM,
2020-01-29 00:00:00,1S1,19,817,W2,,,MM,
2020-01-29 00:00:00,1S1,19,818,W1,,,MM,
2020-01-29 00:00:00,1S1,19,819,P,,,MM,
2020-01-29 00:00:00,1S1,19,820,P,,,MM,
2020-01-29 00:00:00,1S1,19,821,P,,,MM,
2020-01-29 00:00:00,2S3,19,822,E1,,,MM,
2020-01-29 00:00:00,2S3,19,823,E2,,,MM,
2020-01-29 00:00:00,2S3,19,824,E3,,,MM,
2020-01-29 00:00:00,2S3,19,825,E4,,,MM,
2020-01-29 00:00:00,2S3,19,826,E5,,,MM,
2020-01-29 00:00:00,2S3,19,827,C,,,MM,
2020-01-29 00:00:00,2S3,19,828,W5,,,MM,
2020-01-29 00:00:00,2S3,19,829,W4,,,MM,
2020-01-29 00:00:00,2S3,19,830,W3,,,MM,
2020-01-29 00:00:00,2S3,19,831,W2,,,MM,
2020-01-29 00:00:00,2S3,19,832,W1,,,MM,
2020-01-29 00:00:00,2S3,19,833,S1,,,MM,
2020-01-29 00:00:00,2S3,19,834,S2,,,MM,
2020-01-29 00:00:00,2S3,19,835,S3,,,MM,
2020-01-29 00:00:00,2S3,19,836,S4,,,MM,
2020-01-29 00:00:00,2S3,19,837,S5,,,MM,
2020-01-29 00:00:00,2S3,19,838,N5,,,MM,
2020-01-29 00:00:00,2S3,19,839,N4,,,MM,
2020-01-29 00:00:00,2S3,19,840,N3,,,MM,
2020-01-29 00:00:00,2S3,19,841,N2,,,MM,
2020-01-29 00:00:00,2S3,19,842,N1,,,MM,
2020-01-29 00:00:00,2S3,19,843,P,,,MM,
2020-01-29 00:00:00,2S3,19,844,P,,,MM,
2020-01-29 00:00:00,2S3,19,845,P,,,MM,
2020-01-29 00:00:00,3S5,19,846,N1,,,MM,
2020-01-29 00:00:00,2S48,6,680,E1,,,IM,
2020-01-29 00:00:00,2S48,6,681,E2,,,IM,
2020-01-29 00:00:00,2S48,6,682,E3,,,IM,
2020-01-29 00:00:00,2S48,6,683,E4,,,IM,
2020-01-29 00:00:00,2S48,6,684,E5,,,IM,
2020-01-29 00:00:00,2S48,6,685,C,,,IM,
2020-01-29 00:00:00,2S48,6,686,W5,,,IM,
2020-01-29 00:00:00,2S48,6,687,W4,,,IM,
2020-01-29 00:00:00,2S48,6,688,W3,,,IM,
2020-01-29 00:00:00,2S48,6,689,W2,,,IM,
2020-01-29 00:00:00,2S48,6,690,W1,,,IM,
2020-01-29 00:00:00,2S48,6,691,N3,,,IM,
2020-01-29 00:00:00,2S48,6,692,N2,,,IM,
2020-01-29 00:00:00,2S48,6,693,N1,,,IM,
2020-01-29 00:00:00,2S48,6,694,S3,,,IM,
2020-01-29 00:00:00,2S48,6,695,S2,,,IM,
2020-01-29 00:00:00,2S48,6,696,S1,,,IM,
2020-01-29 00:00:00,2S48,6,698,P_top1,,,IM,
2020-01-29 00:00:00,2S48,6,699,P_top2,,,IM,
2020-01-29 00:00:00,2S48,6,700,P_top3,,,IM,
2020-01-29 00:00:00,2S48,6,701,P_bot1,,,IM,
2020-01-29 00:00:00,2S48,6,702,P_bot2,,,IM,
2020-01-29 00:00:00,2S48,6,703,P_bot3,,,IM,
2020-01-29 00:00:00,5S43,6,704,E1,,,IM,
2020-01-29 00:00:00,5S43,6,705,E2,,,IM,
2020-01-29 00:00:00,5S43,6,706,E3,,,IM,
2020-01-29 00:00:00,5S43,6,707,E4,,,IM,
2020-01-29 00:00:00,5S43,6,708,E5,,,IM,
2020-01-29 00:00:00,5S43,6,710,C,,,IM,measurement started 1cm below the surface
2020-01-29 00:00:00,5S43,6,711,W5,,,IM,"measurement started 1cm below the surface, hit ground"
2020-01-29 00:00:00,5S43,6,716,W4,,,IM,
2020-01-29 00:00:00,5S43,6,717,W3,,,IM,measurement started 1-2cm below the surface. Too soft snow. Wooden base sinks.
2020-01-29 00:00:00,5S43,6,718,W2,,,IM,measurement started 1-2cm below the surface. Too soft snow. Wooden base sinks.
2020-01-29 00:00:00,5S43,6,719,W1,,,IM,
2020-01-29 00:00:00,5S43,6,720,S1,,,IM,
2020-01-29 00:00:00,5S43,6,721,S2,,,IM,
2020-01-29 00:00:00,5S43,6,722,S3,,,IM,
2020-01-29 00:00:00,5S43,6,723,N3,,,IM,
2020-01-29 00:00:00,5S43,6,724,N2,,,IM,
2020-01-29 00:00:00,5S43,6,725,N1,,,IM,
2020-01-29 00:00:00,5S43,6,728,P,,,IM,
2020-01-29 00:00:00,5S43,6,729,P,,,IM,
2020-01-29 00:00:00,5S43,6,730,P,,,IM,
2020-01-29 00:00:00,3S47,6,731,C,,,IM,
2020-01-29 00:00:00,3S47,6,732,E5,,,IM,
2020-01-29 00:00:00,3S47,6,733,E4,,,IM,
2020-01-29 00:00:00,3S47,6,734,E3,,,IM,
2020-01-29 00:00:00,3S47,6,735,E2,,,IM,
2020-01-29 00:00:00,3S47,6,737,E1,,,IM,
2020-01-29 00:00:00,3S47,6,738,W5,,,IM,
2020-01-29 00:00:00,3S47,6,739,W4,,,IM,
2020-01-29 00:00:00,3S47,6,740,W3,,,IM,
2020-01-29 00:00:00,3S47,6,741,W2,,,IM,
2020-01-29 00:00:00,3S47,6,742,W1,,,IM,
2020-01-29 00:00:00,3S47,6,743,S1,,,IM,
2020-01-29 00:00:00,3S47,6,744,S2,,,IM,
2020-01-29 00:00:00,3S47,6,745,S3,,,IM,
2020-01-29 00:00:00,3S47,6,746,N3,,,IM,
2020-01-29 00:00:00,3S47,6,747,N2,,,IM,
2020-01-29 00:00:00,3S47,6,748,N1,,,IM,
2020-01-29 00:00:00,3S47,6,750,P_top1,,,IM,
2020-01-29 00:00:00,3S47,6,751,P_top2,,,IM,
2020-01-29 00:00:00,3S47,6,753,P_top3,,,IM,
2020-01-29 00:00:00,3S47,6,754,P_bot1,60,,IM,
2020-01-29 00:00:00,3S47,6,755,P_bot2,60,,IM,
2020-01-29 00:00:00,3S47,6,757,P_bot3,60,,IM,
2020-01-29 00:00:00,9S51,6,758,C,,,IM,
2020-01-29 00:00:00,9S51,6,759,E5,,,IM,hit the ground
2020-01-29 00:00:00,9S51,6,761,E4,,,IM,started 1-2cm below the surface
2020-01-29 00:00:00,9S51,6,762,E3,,,IM,started 1-2cm below the surface
2020-01-29 00:00:00,9S51,6,763,E2,,,IM,started 1-2cm below the surface
2020-01-29 00:00:00,9S51,6,764,E1,,,IM,
2020-01-29 00:00:00,9S51,6,765,W5,,,IM,
2020-01-29 00:00:00,9S51,6,766,W4,,,IM,
2020-01-29 00:00:00,9S51,6,767,W3,,,IM,
2020-01-29 00:00:00,9S51,6,768,W2,,,IM,
2020-01-29 00:00:00,9S51,6,769,W1,,,IM,
2020-01-29 00:00:00,9S51,6,770,S3,,,IM,hit the ground
2020-01-29 00:00:00,9S51,6,771,S2,,,IM,
2020-01-29 00:00:00,9S51,6,772,S1,,,IM,
2020-01-29 00:00:00,9S51,6,773,N3,,,IM,
2020-01-29 00:00:00,9S51,6,774,N2,,,IM,
2020-01-29 00:00:00,9S51,6,775,N1,,,IM,
2020-01-29 00:00:00,9S51,6,776,P,,,IM,
2020-01-29 00:00:00,9S51,6,777,P,,,IM,
2020-01-29 00:00:00,9S51,6,778,P,,,IM,started 1-2cm below the surface
2020-01-30 00:00:00,5c21,19,851,N1,,,MM,
2020-01-30 00:00:00,5c21,19,852,N2,,,MM,
2020-01-30 00:00:00,5c21,19,853,N3,,,MM,
2020-01-30 00:00:00,5c21,19,854,N4,,,MM,
2020-01-30 00:00:00,5c21,19,855,N5,,,MM,
2020-01-30 00:00:00,5c21,19,856,C,,,MM,
2020-01-30 00:00:00,5c21,19,857,S5,,,MM,
2020-01-30 00:00:00,5c21,19,858,S4,,,MM,
2020-01-30 00:00:00,5c21,19,859,S3,,,MM,
2020-01-30 00:00:00,5c21,19,860,S2,,,MM,
2020-01-30 00:00:00,5c21,19,861,S1,,,MM,
2020-01-30 00:00:00,5c21,19,862,W1,,,MM,
2020-01-30 00:00:00,5c21,19,863,W2,,,MM,
2020-01-30 00:00:00,5c21,19,864,W3,,,MM,
2020-01-30 00:00:00,5c21,19,865,W4,,,MM,
2020-01-30 00:00:00,5c21,19,866,W5,,,MM,
2020-01-30 00:00:00,5c21,19,867,E5,,,MM,
2020-01-30 00:00:00,5c21,19,868,E4,,,MM,
2020-01-30 00:00:00,5c21,19,869,E3,,,MM,
2020-01-30 00:00:00,5c21,19,870,E2,,,MM,
2020-01-30 00:00:00,5c21,19,871,E1,,,MM,
2020-01-30 00:00:00,5c21,19,872,P,,,MM,
2020-01-30 00:00:00,5c21,19,873,P,,,MM,
2020-01-30 00:00:00,5c21,19,874,P,,,MM,
2020-01-30 00:00:00,9n29,19,875,E1,,,MM,
2020-01-30 00:00:00,9n29,19,876,E2,,,MM,
2020-01-30 00:00:00,9n29,19,878,E3,,,MM,repeat
2020-01-30 00:00:00,9n29,19,879,E4,,,MM,
2020-01-30 00:00:00,9n29,19,880,E5,,,MM,
2020-01-30 00:00:00,9n29,19,881,C,,,MM,
2020-01-30 00:00:00,9n29,19,882,W5,,,MM,
2020-01-30 00:00:00,9n29,19,883,W4,,,MM,
2020-01-30 00:00:00,9n29,19,884,W3,,,MM,
2020-01-30 00:00:00,9n29,19,885,W2,,,MM,
2020-01-30 00:00:00,9n29,19,887,W1,,,MM,repeat 886
2020-01-30 00:00:00,9n29,19,888,S1,,,MM,
2020-01-30 00:00:00,9n29,19,889,S2,,,MM,
2020-01-30 00:00:00,9n29,19,890,S3,,,MM,
2020-01-30 00:00:00,9n29,19,891,S4,,,MM,
2020-01-30 00:00:00,9n29,19,892,S5,,,MM,
2020-01-30 00:00:00,9n29,19,893,N5,,,MM,
2020-01-30 00:00:00,9n29,19,894,N4,,,MM,
2020-01-30 00:00:00,9C17,6,782,E1,,,IM,
2020-01-30 00:00:00,9C17,6,783,E2,,,IM,started 1-2cm below surface
2020-01-30 00:00:00,9C17,6,784,E3,,,IM,started 1-2cm below surface
2020-01-30 00:00:00,9C17,6,785,E4,,,IM,started 1-2cm below surface. Hit ground
2020-01-30 00:00:00,9C17,6,786,C,,,IM,started 1-2cm below surface
2020-01-30 00:00:00,9C17,6,787,E5,,,IM,started 1-2cm below surface
2020-01-30 00:00:00,9C17,6,788,W5,,,IM,
2020-01-30 00:00:00,9C17,6,790,W4,,,IM,started 1-2cm below surface
2020-01-30 00:00:00,9C17,6,791,W3,,,IM,started 1-2cm below surface. Hit ground
2020-01-30 00:00:00,9C17,6,793,W2,,,IM,started 1-2cm below surface. Hit ground
2020-01-30 00:00:00,9C17,6,794,W1,,,IM,started 2 cm below surface
2020-01-30 00:00:00,9C17,6,796,N3,,,IM,
2020-01-30 00:00:00,9C17,6,797,N2,,,IM,started 1 cm below surface
2020-01-30 00:00:00,9C17,6,798,N1,,,IM,started 1-2cm below surface
2020-01-30 00:00:00,9C17,6,799,S3,,,IM,
2020-01-30 00:00:00,9C17,6,800,S2,,,IM,
2020-01-30 00:00:00,9C17,6,802,S1,,,IM,
2020-01-30 00:00:00,9C17,6,803,P_top1,82,,IM,started 1-2cm below surface
2020-01-30 00:00:00,9C17,6,804,P_top2,82,,IM,started 1-2cm below surface
2020-01-30 00:00:00,9C17,6,805,P_top3,82,,IM,started 1-2cm below surface
2020-01-30 00:00:00,9C17,6,806,P_bot1,62,,IM,started 1-2cm below surface
2020-01-30 00:00:00,9C17,6,807,P_bot2,62,,IM,started 1-2cm below surface
2020-01-30 00:00:00,9C17,6,808,P_bot3,62,,IM,"started 1-2cm below surface, depth set to 57cm and hit ground?"
2020-01-30 00:00:00,9C17,6,810,P2,,,IM,depth set to 52 and still hit ground
2020-01-30 00:00:00,7C15,6,811,C,,,IM,started 2cm below surface
2020-01-30 00:00:00,7C15,6,812,S3,,,IM,
2020-01-30 00:00:00,7C15,6,814,S2,,,IM,started 3 cm below surface
2020-01-30 00:00:00,7C15,6,815,S1,,,IM,started 2cm below surface
2020-01-30 00:00:00,7C15,6,816,W5,,,IM,started 2cm below surface
2020-01-30 00:00:00,7C15,6,817,W4,,,IM,started 2-3 cm below surface
2020-01-30 00:00:00,7C15,6,818,W3,,,IM,started 1 cm below surface
2020-01-30 00:00:00,7C15,6,819,W2,,,IM,started 1 cm below surface
2020-01-30 00:00:00,7C15,6,820,W1,,,IM,started 1-2cm below surface
2020-01-30 00:00:00,7C15,6,821,E5,,,IM,started 1-2cm below surface
2020-01-30 00:00:00,7C15,6,822,E4,,,IM,started 1 cm below surface
2020-01-30 00:00:00,7C15,6,824,E3,,,IM,"same, perhaps a hard layer?"
2020-01-30 00:00:00,7C15,6,825,E2,,,IM,
2020-01-30 00:00:00,7C15,6,826,E1,,,IM,
2020-01-30 00:00:00,7C15,6,827,,,,IM,
2020-01-30 00:00:00,7C15,6,828,N3,,,IM,started 1 cm below surface
2020-01-30 00:00:00,7C15,6,829,N2,,,IM,started 1 cm below surface
2020-01-30 00:00:00,7C15,6,830,N1,,,IM,started 2-3 cm below surface
2020-01-30 00:00:00,7C15,6,831,P_top1,100,,IM,started 2cm below surface
2020-01-30 00:00:00,7C15,6,832,P_top2,100,,IM,started 2cm below surface
2020-01-30 00:00:00,7C15,6,833,P_top3,100,,IM,started 2cm below surface
2020-01-30 00:00:00,7C15,6,834,P_bot1,65,,IM,"started 2cm below surface, started at 65 cm"
2020-01-30 00:00:00,7C15,6,835,P_bot2,65,,IM,"started 2cm below surface, started at 65 cm"
2020-01-30 00:00:00,7C15,6,836,P_bot3,65,,IM,"started 2cm below surface, started at 65 cm"
2020-01-30 00:00:00,8N38,6,837,E1,,,IM,"started 1-2 cm below surface, forested"
2020-01-30 00:00:00,8N38,6,838,E2,,,IM,"started 1-2 cm below surface, forested"
2020-01-30 00:00:00,8N38,6,839,E3,,,IM,"started 1-2 cm below surface, forested"
2020-01-30 00:00:00,8N38,6,840,E4,,,IM,started 1-2 cm below surface
2020-01-30 00:00:00,8N38,6,841,E5,,,IM,started 1-2 cm below surface
2020-01-30 00:00:00,8N38,6,842,C,,,IM,"started 1-2 cm below surface, hit ground"
2020-01-30 00:00:00,8N38,6,843,W5,,,IM,started 1-2 cm below surface
2020-01-30 00:00:00,8N38,6,844,W4,,,IM,started 1-2 cm below surface
2020-01-30 00:00:00,8N38,6,845,W3,,,IM,started 1-2 cm below surface
2020-01-30 00:00:00,8N38,6,846,W2,,,IM,started 1-2 cm below surface
2020-01-30 00:00:00,8N38,6,847,W1,,,IM,"started 1-2 cm below surface, stitch together for full depth,  hard layer at the bottom"
2020-01-30 00:00:00,8N38,6,848,W1,,,IM,"started 1-2 cm below surface, stich together for full depth,  hard layer at the bottom"
2020-01-30 00:00:00,8N38,6,849,N1,,,IM,started 1-2 cm below surface
2020-01-30 00:00:00,8N38,6,850,N2,,,IM,started 1-2 cm below surface
2020-01-30 00:00:00,8N38,6,851,N3,,,IM,started 1-2 cm below surface
2020-01-30 00:00:00,8N38,6,852,S3,,,IM,"started 1-2 cm below surface, forested"
2020-01-30 00:00:00,8N38,6,853,S2,,,IM,"started 1-2 cm below surface, forested"
2020-01-30 00:00:00,8N38,6,854,S1,,,IM,"started 1-2 cm below surface, forested"
2020-01-30 00:00:00,8N38,6,855,P_top1,80,,IM,started 1-2 cm below surface
2020-01-30 00:00:00,8N38,6,856,P_top2,80,,IM,started 1-2 cm below surface
2020-01-30 00:00:00,8N38,6,857,P_top3,80,,IM,started 1-2 cm below surface
2020-01-30 00:00:00,8N38,6,858,P_bot1,80,,IM,started at 65 cm
2020-01-30 00:00:00,8N38,6,859,P_bot2,80,,IM,started at 65 cm
2020-01-30 00:00:00,8N38,6,860,P_bot3,80,,IM,"started at 65 cm, hit ground"
2020-01-31 00:00:00,2N12,6,861,C,,,IM,started 1-2 cm below surface
2020-01-31 00:00:00,2N12,6,862,E5,,,IM,started 1-2 cm below surface
2020-01-31 00:00:00,2N12,6,863,E4,,,IM,started 1-2 cm below surface
2020-01-31 00:00:00,2N12,6,864,E3,,,IM,started 1-2 cm below surface
2020-01-31 00:00:00,2N12,6,865,E2,,,IM,started 1-2 cm below surface
2020-01-31 00:00:00,2N12,6,867,E1,,,IM,started 1-2 cm below surface
2020-01-31 00:00:00,2N12,6,868,W5,,,IM,"started 1-2 cm below surface, forested"
2020-01-31 00:00:00,2N12,6,869,W4,,,IM,"started 1-2 cm below surface, forested"
2020-01-31 00:00:00,2N12,6,870,W3,,,IM,"started 1-2 cm below surface, forested"
2020-01-31 00:00:00,2N12,6,871,W2,,,IM,"started 1-2 cm below surface, forested"
2020-01-31 00:00:00,2N12,6,872,W1,,,IM,"started 1-2 cm below surface, opening between trees"
2020-01-31 00:00:00,2N12,6,873,S3,,,IM,"started 1-2 cm below surface, forested"
2020-01-31 00:00:00,2N12,6,874,S2,,,IM,started 1-2 cm below surface
2020-01-31 00:00:00,2N12,6,875,S1,,,IM,started 1-2 cm below surface
2020-01-31 00:00:00,2N12,6,876,N3,,,IM,started 1-2 cm below surface
2020-01-31 00:00:00,2N12,6,877,P_top1,92,,IM,started 3cm below surface
2020-01-31 00:00:00,2N12,6,878,P_top2,92,,IM,started 3cm below surface
2020-01-31 00:00:00,2N12,6,879,P_top3,92,,IM,started 3cm below surface
2020-01-31 00:00:00,2N12,6,880,P_bot1,65,,IM,
2020-01-31 00:00:00,2N12,6,881,P_bot2,65,,IM,
2020-01-31 00:00:00,2N12,6,882,P_bot3,65,,IM,hit ground
2020-01-31 00:00:00,2N12,6,885,W1,,,IM,
2020-01-31 00:00:00,2N12,6,886,W2,,,IM,
2020-01-31 00:00:00,2N12,6,887,W3,,,IM,
2020-01-31 00:00:00,2N12,6,888,W4,,,IM,
2020-01-31 00:00:00,2N12,6,889,W5,,,IM,
2020-01-31 00:00:00,2N12,6,890,C,,,IM,
2020-01-31 00:00:00,2N12,6,891,E5,,,IM,
2020-01-31 00:00:00,2N12,6,892,E4,,,IM,
2020-01-31 00:00:00,2N12,6,893,E3,,,IM,
2020-01-31 00:00:00,2N12,6,894,E2,,,IM,
2020-01-31 00:00:00,2N12,6,895,E1,,,IM,
2020-01-31 00:00:00,2N12,6,896,,,,IM,"at the trail, on top of recent snowmobile tracks"
2020-01-31 00:00:00,2N12,6,897,,,,IM,"at the trail, on top of recent snowmobile tracks"
2020-01-31 00:00:00,2N12,6,898,,,,IM,at the trail 
2020-01-31 00:00:00,2N12,6,899,,,,IM,at the trail 
2020-01-31 00:00:00,2N12,6,900,S1,,,IM,
2020-01-31 00:00:00,2N12,6,901,S2,,,IM,
2020-01-31 00:00:00,2N12,6,902,S3,,,IM,
2020-01-31 00:00:00,2N12,6,903,N3,,,IM,
2020-01-31 00:00:00,2N12,6,904,N2,,,IM,
2020-01-31 00:00:00,2N12,6,905,N1,,,IM,
2020-01-31 00:00:00,2N12,6,906,P_top1,,,IM,
2020-01-31 00:00:00,2N12,6,907,P_top2,,,IM,
2020-01-31 00:00:00,2N12,6,908,P_bot3,,,IM,
2020-01-31 00:00:00,2N12,6,909,P_bot1,64,,IM,
2020-01-31 00:00:00,2N12,6,910,P_bot2,64,,IM,
2020-01-31 00:00:00,2N12,6,911,P_bot3,64,,IM,
2020-02-01 00:00:00,2S11,19b,951,S1,,ck,HP,"possibly bad, water in tip"
2020-02-01 00:00:00,2S11,19b,961,E2,,ck,HP,"possibly bad, water in tip"
2020-02-01 00:00:00,1S8,19b,903,C,,,HP,
2020-02-01 00:00:00,1S8,19b,904,N5,,,HP,
2020-02-01 00:00:00,1S8,19b,905,N4,,,HP,
2020-02-01 00:00:00,1S8,19b,906,N3,,,HP,
2020-02-01 00:00:00,1S8,19b,907,N2,,,HP,some dirt on tip
2020-02-01 00:00:00,1S8,19b,908,N1,,,HP,
2020-02-01 00:00:00,1S8,19b,909,S5,,,HP,
2020-02-01 00:00:00,1S8,19b,910,S4,,,HP,
2020-02-01 00:00:00,1S8,19b,911,S3,,,HP,
2020-02-01 00:00:00,1S8,19b,912,S2,,,HP,
2020-02-01 00:00:00,1S8,19b,913,S1,,,HP,
2020-02-01 00:00:00,1S8,19b,914,E5,,,HP,
2020-02-01 00:00:00,1S8,19b,915,E4,,,HP,
2020-02-01 00:00:00,1S8,19b,916,E3,,,HP,
2020-02-01 00:00:00,1S8,19b,917,E2,,,HP,
2020-02-01 00:00:00,1S8,19b,918,E1,90,,HP,
2020-02-01 00:00:00,1S8,19b,919,W5,89,,HP,
2020-02-01 00:00:00,1S8,19b,920,W4,99,,HP,
2020-02-01 00:00:00,1S8,19b,921,W3,82,,HP,
2020-02-01 00:00:00,1S8,19b,922,W2,85,,HP,
2020-02-01 00:00:00,1S8,19b,923,W1,82,,HP,
2020-02-01 00:00:00,1S8,19b,924,"SUSV-track, 0",95,,HP,"transect across track, virgin snow"
2020-02-01 00:00:00,1S8,19b,925,"SUSV-track, 50",98,,HP,edge of rut in virgin
2020-02-01 00:00:00,1S8,19b,926,"SUSV-track, 105",72,,HP,in right rut
2020-02-01 00:00:00,1S8,19b,927,"SUSV-track, 140",73,,HP,in right rut
2020-02-01 00:00:00,1S8,19b,928,"SUSV-track, 170",96,,HP,"belly; not compressed, broken surface"
2020-02-01 00:00:00,1S8,19b,929,"SUSV-track, 220",70,,HP,in left rut
2020-02-01 00:00:00,1S8,19b,930,"SUSV-track, 270",75,,HP,edge of left rut
2020-02-01 00:00:00,1S8,19b,931,"SUSV-track, 295",84,,HP,edge of rut in virgin
2020-02-01 00:00:00,1S8,19b,932,"SUSV-track, 345",82,,HP,"end of track transect, virgin snow"
2020-02-01 00:00:00,1S8,19b,933,P,75,,HP,"near LWC, 0cm"
2020-02-01 00:00:00,1S8,19b,934,P,,,HP,"near LWC, 37cm"
2020-02-01 00:00:00,1S8,19b,935,P,,,HP,"near density, 80cm"
2020-02-01 00:00:00,1S8,19b,936,P,,,HP,"near density, 107cm"
2020-02-01 00:00:00,1S8,19b,937,P,,,HP,"near SSA, 151cm"
2020-02-01 00:00:00,1S8,19b,938,P,,,HP,"near LWC, 20cm"
2020-02-01 00:00:00,1S8,19b,939,P,,,HP,"near LWC, 60cm"
2020-02-01 00:00:00,1S8,19b,940,P,,,HP,"near density, 95cm"
2020-02-01 00:00:00,1S8,19b,941,P,,,HP,"near SSA, 135cm"
2020-02-01 00:00:00,1S8,19b,944,P,,,HP,
2020-02-01 00:00:00,2S11,19b,947,S5,,,HP,
2020-02-01 00:00:00,2S11,19b,948,S4,,,HP,
2020-02-01 00:00:00,2S11,19b,949,S3,,,HP,
2020-02-01 00:00:00,2S11,19b,950,S2,,,HP,
2020-02-01 00:00:00,2S11,19b,952,N5,,,HP,
2020-02-01 00:00:00,2S11,19b,953,N4,,,HP,
2020-02-01 00:00:00,2S11,19b,954,N3,,,HP,
2020-02-01 00:00:00,2S11,19b,955,N2,,,HP,
2020-02-01 00:00:00,2S11,19b,956,N1,,,HP,
2020-02-01 00:00:00,2S11,19b,958,E5,,,HP,
2020-02-01 00:00:00,2S11,19b,959,E4,,,HP,
2020-02-01 00:00:00,2S11,19b,960,E3,,,HP,
2020-02-01 00:00:00,2S11,19b,962,E1,,,HP,
2020-02-01 00:00:00,2S11,19b,963,W5,,,HP,
2020-02-01 00:00:00,2S11,19b,964,W4,,,HP,
2020-02-01 00:00:00,2S11,19b,967,W3,,,HP,
2020-02-01 00:00:00,2S11,19b,968,W2,,,HP,
2020-02-01 00:00:00,2S11,19b,969,W1,,,HP,
2020-02-01 00:00:00,2S11,19b,970,P,,,HP,near LWC 
2020-02-01 00:00:00,2S11,19b,971,P,,,HP,near density
2020-02-01 00:00:00,2S11,19b,972,P,,,HP,near SSA
2020-02-01 00:00:00,3S14,19b,973,C,,,HP,
2020-02-01 00:00:00,3S14,19b,974,S3,,,HP,
2020-02-01 00:00:00,3S14,19b,975,S2,,,HP,
2020-02-01 00:00:00,3S14,19b,976,S1,,,HP,3 profiles farther apart (short on time)
2020-02-01 00:00:00,3S14,19b,977,W1,,,HP,
2020-02-01 00:00:00,3S14,19b,978,W2,,,HP,
2020-02-01 00:00:00,3S14,19b,979,W3,,,HP,
2020-02-01 00:00:00,3S14,19b,980,W4,,,HP,
2020-02-01 00:00:00,3S14,19b,981,W5,,,HP,
2020-02-01 00:00:00,3S14,19b,982,N5,,,HP,
2020-02-01 00:00:00,3S14,19b,983,N4,,,HP,
2020-02-01 00:00:00,3S14,19b,984,N3,,,HP,
2020-02-01 00:00:00,3S14,19b,985,N2,,,HP,
2020-02-01 00:00:00,3S14,19b,986,N1,,,HP,
2020-02-01 00:00:00,3S14,19b,987,E1,,,HP,
2020-02-01 00:00:00,3S14,19b,988,E2,,,HP,
2020-02-01 00:00:00,3S14,19b,991,E3,,,HP,
2020-02-01 00:00:00,3S14,19b,992,E4,,,HP,
2020-02-01 00:00:00,3S14,19b,993,P,,,HP,
2020-02-01 00:00:00,3S14,19b,994,P,,,HP,
2020-02-01 00:00:00,3S14,19b,995,P,,,HP,
2020-02-01 00:00:00,5S21,19b,996,N5,,,HP,
2020-02-01 00:00:00,5S21,19b,997,E5,,,HP,
2020-02-01 00:00:00,5S21,19b,998,E4,,,HP,
2020-02-01 00:00:00,5S21,19b,999,E3,,,HP,
2020-02-01 00:00:00,5S21,19b,1000,E2,,,HP,
2020-02-01 00:00:00,5S21,19b,1001,E1,,,HP,
2020-02-01 00:00:00,5S21,19b,1002,N4,,,HP,
2020-02-01 00:00:00,5S21,19b,1003,N3,,,HP,near tree well
2020-02-01 00:00:00,5S21,19b,1004,N2,,,HP,
2020-02-01 00:00:00,5S21,19b,1005,N1,,,HP,
2020-02-01 00:00:00,5S21,19b,1006,W5,,,HP,
2020-02-01 00:00:00,5S21,19b,1007,W4,,,HP,
2020-02-01 00:00:00,5S21,19b,1008,W3,,,HP,
2020-02-01 00:00:00,5S21,19b,1009,W2,,,HP,in snowmobile track
2020-02-01 00:00:00,5S21,19b,1010,W1,,,HP,
2020-02-01 00:00:00,5S21,19b,1011,S5,,,HP,
2020-02-01 00:00:00,5S21,19b,1012,S4,,,HP,
2020-02-01 00:00:00,5S21,19b,1013,S3,,,HP,
2020-02-01 00:00:00,5S21,19b,1014,S2,,,HP,
2020-02-01 00:00:00,5S21,19b,1015,S1,,,HP,
2020-02-01 00:00:00,5S21,19b,1016,P,,,HP,
2020-02-01 00:00:00,5S21,19b,1017,P,,,HP,
2020-02-01 00:00:00,5S21,19b,1018,P,,,HP,
2020-02-03 00:00:00,GML,19b,1019,P,115,,MM,"Grand Mesa Lodge, comparison pit near Cabin1, -- graph curved up slightly"
2020-02-03 00:00:00,GML,19b,1020,P,115,,MM,good one!
2020-02-03 00:00:00,GML,19b,1021,P,115,,MM,"above IRIS, got stuck and did manual stop"
2020-02-03 00:00:00,GML,19b,1022,P,115,,MM,"above IceCube, plot looked questionable"
2020-02-03 00:00:00,GML,19b,1023,P,115,,MM,"above IceCube, good!"
2020-02-04 00:00:00,6S34,19b,1024,P,70,,MM,
2020-02-04 00:00:00,6S34,19b,1025,P,70,,MM,
2020-02-04 00:00:00,6S34,19b,1026,P,70,,MM,
2020-02-04 00:00:00,6S34,19b,1027,E1,90,,MM,
2020-02-04 00:00:00,6S34,19b,1028,E2,,,MM,
2020-02-04 00:00:00,6S34,19b,1029,E3,,,MM,
2020-02-04 00:00:00,6S34,19b,1030,E4,,,MM,
2020-02-04 00:00:00,6S34,19b,1031,E5,,,MM,
2020-02-04 00:00:00,6S34,19b,1032,,,,MM,
2020-02-04 00:00:00,6S34,19b,1033,C,,,MM,
2020-02-04 00:00:00,6S34,19b,1034,W5,,,MM,
2020-02-04 00:00:00,6S34,19b,1035,W4,,,MM,
2020-02-04 00:00:00,6S34,19b,1036,W3,,,MM,
2020-02-04 00:00:00,6S34,19b,1037,W2,,,MM,
2020-02-04 00:00:00,6S34,19b,1039,W1,,,MM,
2020-02-04 00:00:00,6S34,19b,1040,N1,97,,MM,
2020-02-04 00:00:00,6S34,19b,1041,N2,,,MM,
2020-02-04 00:00:00,6S34,19b,1042,N3,,,MM,
2020-02-04 00:00:00,6S34,19b,1043,N4,,,MM,
2020-02-04 00:00:00,6S34,19b,1045,N5,,,MM,
2020-02-04 00:00:00,6S34,19b,1046,S5,,,MM,
2020-02-04 00:00:00,6S34,19b,1047,S4,85,,MM,
2020-02-04 00:00:00,6S34,19b,1048,S3,69,,MM,
2020-02-04 00:00:00,6S34,19b,1049,S2,75,,MM,
2020-02-04 00:00:00,6S34,19b,1050,S1,80,,MM,
2020-02-04 00:00:00,3S33,19b,1051,S1,60,,MM,
2020-02-04 00:00:00,3S33,19b,1052,S2,100,,MM,wind slabs
2020-02-04 00:00:00,3S33,19b,1055,S4,80,,MM,
2020-02-04 00:00:00,3S33,19b,1056,S5,88,,MM,
2020-02-04 00:00:00,3S33,19b,1057,C,105,,MM,
2020-02-04 00:00:00,3S33,19b,1058,N5,74,,MM,
2020-02-04 00:00:00,3S33,19b,1059,N4,79,,MM,
2020-02-04 00:00:00,3S33,19b,1060,N3,99,,MM,
2020-02-04 00:00:00,3S33,19b,1061,N2,98,,MM,
2020-02-04 00:00:00,3S33,19b,1062,N1,94,,MM,
2020-02-04 00:00:00,3S33,19b,1063,W5,98,,MM,
2020-02-04 00:00:00,3S33,19b,1064,W4,113,,MM,
2020-02-04 00:00:00,3S33,19b,1065,W3,100,,MM,
2020-02-04 00:00:00,3S33,19b,1066,W2,108,,MM,
2020-02-04 00:00:00,3S33,19b,1067,W1,100,,MM,
2020-02-04 00:00:00,3S33,19b,1068,E5,102,,MM,
2020-02-04 00:00:00,3S33,19b,1069,E4,85,,MM,
2020-02-04 00:00:00,3S33,19b,1070,E3,80,,MM,
2020-02-04 00:00:00,3S33,19b,1071,E2,94,,MM,
2020-02-04 00:00:00,3S33,19b,1072,E1,95,,MM,
2020-02-04 00:00:00,3S33,19b,1073,P,,,MM,check pit height
2020-02-04 00:00:00,3S33,19b,1074,P,,,MM,check pit height
2020-02-04 00:00:00,3S33,19b,1075,P,,,MM,check pit height
2020-02-04 00:00:00,5S29,19b,1077,P,110,,MM,
2020-02-04 00:00:00,5S29,19b,1078,P,110,,MM,
2020-02-04 00:00:00,5S29,19b,1079,P,110,,MM,
2020-02-04 00:00:00,5S29,19b,1080,N1,95,,MM,
2020-02-04 00:00:00,5S29,19b,1081,N2,96,,MM,
2020-02-04 00:00:00,5S29,19b,1082,N3,79,,MM,
2020-02-04 00:00:00,5S29,19b,1083,N4,80,,MM,
2020-02-04 00:00:00,5S29,19b,1085,N5,125,,MM,repeat
2020-02-04 00:00:00,5S29,19b,1086,CK,105,,MM,"? need to check gps points, can't determine location/orientation, perhaps repeat measurement"
2020-02-04 00:00:00,5S29,19b,1087,CK,103,,MM,"? need to check gps points, can't determine location/orientation, perhaps repeat measurement"
2020-02-04 00:00:00,5S29,19b,1088,C,,,MM,
2020-02-04 00:00:00,5S29,19b,1089,S5,,,MM,
2020-02-04 00:00:00,5S29,19b,1091,S4,110,,MM,
2020-02-04 00:00:00,5S29,19b,1092,S3,105,,MM,
2020-02-04 00:00:00,5S29,19b,1093,S2,101,,MM,
2020-02-04 00:00:00,5S29,19b,1094,S1,108,,MM,slow SMP
2020-02-04 00:00:00,3S38,19b,1095,P,,,MM,"only did pit here, no trasects"
2020-02-04 00:00:00,3S38,19b,1096,P,,,MM,
2020-02-04 00:00:00,3S38,19b,1097,P,,,MM,
2020-02-05 00:00:00,8C11,19b,1160,NE5,,ck,MM,"stopped, likely bad"
2020-02-05 00:00:00,8C11,19b,1162,NE3,,ck,MM,"wind slab, too hard"
2020-02-05 00:00:00,8c18,19b,1098,NW1,54,,MM,forest
2020-02-05 00:00:00,8c18,19b,1099,NW2,64,,MM,forest
2020-02-05 00:00:00,8c18,19b,1100,NW3,84,,MM,
2020-02-05 00:00:00,8c18,19b,1101,NW4,91,,MM,
2020-02-05 00:00:00,8c18,19b,1102,NW5,108,,MM,
2020-02-05 00:00:00,8c18,19b,1103,C,107,,MM,
2020-02-05 00:00:00,8c18,19b,1105,SE5,105,,MM,
2020-02-05 00:00:00,8c18,19b,1106,SE4,104,,MM,
2020-02-05 00:00:00,8c18,19b,1107,SE3,101,,MM,
2020-02-05 00:00:00,8c18,19b,1108,SE2,103,,MM,
2020-02-05 00:00:00,8c18,19b,1109,SE1,119,,MM,
2020-02-05 00:00:00,8c18,19b,1110,NE1,61,,MM,forest
2020-02-05 00:00:00,8c18,19b,1111,NE2,,,MM,forest
2020-02-05 00:00:00,8c18,19b,1112,NE3,64,,MM,forest
2020-02-05 00:00:00,8c18,19b,1113,NE4,86,,MM,
2020-02-05 00:00:00,8c18,19b,1114,NE5,,,MM,
2020-02-05 00:00:00,8c18,19b,1115,SW5,109,,MM,
2020-02-05 00:00:00,8c18,19b,1116,SW4,101,,MM,
2020-02-05 00:00:00,8c18,19b,1120,SW3,100,,MM,
2020-02-05 00:00:00,8c18,19b,1121,SW2,101,,MM,
2020-02-05 00:00:00,8c18,19b,1123,SW1,,,MM,slow
2020-02-05 00:00:00,8c18,19b,1124,P,108,,MM,
2020-02-05 00:00:00,8c18,19b,1125,P,108,,MM,
2020-02-05 00:00:00,8c18,19b,1126,P,108,,MM,
2020-02-05 00:00:00,9C16,19b,1127,SW1,,,MM,"didn't measure depth, but hit bottom on most"
2020-02-05 00:00:00,9C16,19b,1128,SW2,,,MM,"near tree trunk, plot looked odd, perhaps ice in tip?"
2020-02-05 00:00:00,9C16,19b,1129,SW2,,,MM,"repeat at tree trunk, still odd"
2020-02-05 00:00:00,9C16,19b,1130,SW2,,,MM,"repeat, looked good"
2020-02-05 00:00:00,9C16,19b,1131,SW3,,,MM,
2020-02-05 00:00:00,9C16,19b,1132,SW4,,,MM,
2020-02-05 00:00:00,9C16,19b,1133,SW5,,,MM,
2020-02-05 00:00:00,9C16,19b,1134,C,,,MM,
2020-02-05 00:00:00,9C16,19b,1140,SE5,,,MM,
2020-02-05 00:00:00,9C16,19b,1141,SE4,,,MM,
2020-02-05 00:00:00,9C16,19b,1142,SE3,,,MM,
2020-02-05 00:00:00,9C16,19b,1143,SE2,,,MM,
2020-02-05 00:00:00,9C16,19b,1144,SE1,,,MM,
2020-02-05 00:00:00,9C16,19b,1145,NE5,,,MM,
2020-02-05 00:00:00,9C16,19b,1146,NE4,,,MM,edge of aspen canopy
2020-02-05 00:00:00,9C16,19b,1147,NE3,,,MM,aspen forest
2020-02-05 00:00:00,9C16,19b,1148,NE2,,,MM,aspen forest
2020-02-05 00:00:00,9C16,19b,1149,NE1,,,MM,aspen forest
2020-02-05 00:00:00,9C16,19b,1150,P,109,,MM,
2020-02-05 00:00:00,9C16,19b,1151,P,109,,MM,
2020-02-05 00:00:00,9C16,19b,1152,P,109,,MM,
2020-02-05 00:00:00,8C11,19b,1157,P,89,,MM,
2020-02-05 00:00:00,8C11,19b,1158,P,89,,MM,
2020-02-05 00:00:00,8C11,19b,1159,P,89,,MM,
2020-02-05 00:00:00,8C11,19b,1161,NE4,,,MM,
2020-02-06 00:00:00,2N13,19b,1167,S5,103,,MM,
2020-02-06 00:00:00,2N13,19b,1172,P,,,MM,
2020-02-06 00:00:00,2N13,19b,1173,P,,,MM,struggled to move through slab
2020-02-06 00:00:00,2N13,19b,1174,P,,,MM,struggled to move through slab
2020-02-06 00:00:00,2N13,19b,1175,W5,131,,MM,131
2020-02-06 00:00:00,2N13,19b,1176,W4,111,,MM,
2020-02-06 00:00:00,2N13,19b,1177,W3,105,,MM,manual stop
2020-02-06 00:00:00,2N13,19b,1178,W2,122,,MM,"no W1, too slabby"
2020-02-06 00:00:00,2N13,19b,1179,E5,87,,MM,
2020-02-06 00:00:00,2N13,19b,1180,E4,99,,MM,
2020-02-06 00:00:00,2N13,19b,1181,,,,MM,"too slabby, no E3 or E2"
2020-02-06 00:00:00,2N13,19b,1182,E1,86,,MM,
2020-02-06 00:00:00,2N13,19b,1185,N4,85,,MM,
2020-02-06 00:00:00,2N13,19b,1186,N3,89,,MM,
2020-02-06 00:00:00,2N13,19b,1187,N2,112,,MM,
2020-02-06 00:00:00,5N15,19b,1188,P,115,,MM,
2020-02-06 00:00:00,5N15,19b,1189,P,115,,MM,
2020-02-06 00:00:00,5N15,19b,1190,P,115,,MM,
2020-02-06 00:00:00,5N15,19b,1191,S1,120,,MM,
2020-02-06 00:00:00,5N15,19b,1192,S2,117,,MM,
2020-02-06 00:00:00,5N15,19b,1193,S3,116,,MM,
2020-02-06 00:00:00,5N15,19b,1194,S4,124,,MM,
2020-02-06 00:00:00,5N15,19b,1195,S5,119,,MM,
2020-02-06 00:00:00,5N15,19b,1196,C,115,,MM,
2020-02-06 00:00:00,5N15,19b,1197,N5,110,,MM,
2020-02-06 00:00:00,5N15,19b,1198,N4,97,,MM,
2020-02-06 00:00:00,5N15,19b,1199,N3,97,,MM,
2020-02-06 00:00:00,5N15,19b,1200,N2,104,,MM,unclear from notes the file name
2020-02-06 00:00:00,5N15,19b,1201,N2,104,,MM,unclear from notes the file name
2020-02-06 00:00:00,5N15,19b,1203,E1,116,,MM,
2020-02-06 00:00:00,5N15,19b,1205,E3,106,,MM,
2020-02-06 00:00:00,5N15,19b,1206,E4,109,,MM,
2020-02-06 00:00:00,5N15,19b,1207,E5,92,,MM,
2020-02-06 00:00:00,5N15,19b,1208,W5,112,,MM,
2020-02-06 00:00:00,5N15,19b,1209,W4,118,,MM,
2020-02-06 00:00:00,5N15,19b,1210,W3,92,,MM,
2020-02-06 00:00:00,5N15,19b,1211,W2,97,,MM,
2020-02-06 00:00:00,5N15,19b,1212,W1,97,,MM,
2020-02-08 00:00:00,1S2,19b,1214,S1,87,,MM,"no S2, too slabby"
2020-02-08 00:00:00,1S2,19b,1215,S3,65,,MM,
2020-02-08 00:00:00,1S2,19b,1216,S4,51,,MM,
2020-02-08 00:00:00,1S2,19b,1217,S5,62,,MM,
2020-02-08 00:00:00,1S2,19b,1218,W1,97,,MM,
2020-02-08 00:00:00,1S2,19b,1220,W2,83,,MM,some slipping in slab
2020-02-08 00:00:00,1S2,19b,1221,W3,100,,MM,
2020-02-08 00:00:00,1S2,19b,1222,W4,59,,MM,
2020-02-08 00:00:00,1S2,19b,1224,C,,,MM,
2020-02-08 00:00:00,1S2,19b,1225,E5,93,,MM,
2020-02-08 00:00:00,1S2,19b,1226,E4,78,,MM,"No E3, too slabby"
2020-02-08 00:00:00,1S2,19b,1228,E1,79,,MM,
2020-02-08 00:00:00,1S2,19b,1230,N4,105,,MM,
2020-02-08 00:00:00,1S2,19b,1233,P,81,,MM,
2020-02-08 00:00:00,1S2,19b,1234,P,81,,MM,
2020-02-08 00:00:00,1S2,19b,1235,P,81,,MM,
2020-02-08 00:00:00,2S7,19b,1236,E5,100,,MM,slabby
2020-02-08 00:00:00,2S7,19b,1237,E4,109,,MM,some slipping in slab
2020-02-08 00:00:00,2S7,19b,1239,E2,80,,MM,"no E1, too slabby"
2020-02-08 00:00:00,2S7,19b,1240,S5,46,,MM,
2020-02-08 00:00:00,2S7,19b,1241,S4,57,,MM,"No E3, too slabby"
2020-02-08 00:00:00,2S7,19b,1242,S2,70,,MM,"No E1, too slabby"
2020-02-08 00:00:00,2S7,19b,1243,C,80,,MM,
2020-02-08 00:00:00,2S7,19b,1244,W5,85,,MM,
2020-02-08 00:00:00,2S7,19b,1245,W4,74,,MM,
2020-02-08 00:00:00,2S7,19b,1246,W3,86,,MM,
2020-02-08 00:00:00,2S7,19b,1247,W2,86,,MM,
2020-02-08 00:00:00,2S7,19b,1249,W1,99,,MM,
2020-02-08 00:00:00,2S7,19b,1250,N5,,,MM,
2020-02-08 00:00:00,2S7,19b,1251,N4,79,,MM,
2020-02-08 00:00:00,2S7,19b,1254,N2,93,,MM,"manual stop at end, some slip, no N1-too slabby"
2020-02-08 00:00:00,2S7,19b,1255,P,74,,MM,"all pit measurements were done really close, group had started to shovel away front face and there wasn't much left undisturbed. "
2020-02-08 00:00:00,2S7,19b,1256,P,74,,MM,
2020-02-08 00:00:00,2S7,19b,1257,P,74,,MM,
2020-02-08 00:00:00,2S16,19b,1260,P,93,,MM,
2020-02-08 00:00:00,2S16,19b,1261,P,93,,MM,
2020-02-08 00:00:00,2S16,19b,1262,P,93,,MM,
2020-02-08 00:00:00,2S16,19b,1263,W5,89,,MM,
2020-02-08 00:00:00,2S16,19b,1264,W4,88,,MM,
2020-02-08 00:00:00,2S16,19b,1265,W3,68,,MM,slow SMP
2020-02-08 00:00:00,2S16,19b,1266,W2,64,,MM,
2020-02-08 00:00:00,2S16,19b,1267,W1,88,,MM,
2020-02-08 00:00:00,2S16,19b,1268,C,68,,MM,
2020-02-08 00:00:00,2S16,19b,1269,N5,105,,MM,some slipping in slab
2020-02-08 00:00:00,2S16,19b,1270,N4,96,,MM,
2020-02-08 00:00:00,2S16,19b,1271,N3,104,,MM,
2020-02-08 00:00:00,2S16,19b,1272,N2,65,,MM,
2020-02-08 00:00:00,2S16,19b,1273,N1,94,,MM,
2020-02-08 00:00:00,2S16,19b,1274,S5,90,,MM,
2020-02-08 00:00:00,2S16,19b,1275,S4,85,,MM,
2020-02-08 00:00:00,2S16,19b,1276,S3,105,,MM,
2020-02-08 00:00:00,2S16,19b,1277,S2,65,,MM,
2020-02-08 00:00:00,2S16,19b,1278,S1,103,,MM,
2020-02-08 00:00:00,2S16,19b,1279,E5,97,,MM,
2020-02-08 00:00:00,2S16,19b,1280,E4,84,,MM,
2020-02-08 00:00:00,2S16,19b,1281,E3,79,,MM,
2020-02-08 00:00:00,2S16,19b,1282,E2,109,,MM,
2020-02-08 00:00:00,2S16,19b,1283,E1,91,,MM,
2020-02-08 00:00:00,1S17,19b,1284,C,97,,MM,Due to time didn't survey this whole pit
2020-02-08 00:00:00,1S17,19b,1285,P,96,,MM,above density
2020-02-08 00:00:00,1S17,19b,1287,P,96,,MM,above casting
2020-02-08 00:00:00,1S17,19b,1289,P,96,,MM,above iceCube
2020-02-08 00:00:00,1S17,19b,1290,S5,50,,MM,
2020-02-08 00:00:00,1S17,19b,1291,S4,98,,MM,
2020-02-08 00:00:00,1S17,19b,1292,S3,73,,MM,
2020-02-08 00:00:00,1S17,19b,1293,S2,64,,MM,
2020-02-08 00:00:00,1S17,19b,1294,S1,103,,MM,
2020-02-08 00:00:00,1S17,19b,1296,E4,97,,MM,
2020-02-10 00:00:00,TLS-FL3A,19b,1301,N3,70,,MM,forested
2020-02-10 00:00:00,TLS-FL3A,19b,1303,N5,91,,MM,"slow SMP, forest"
2020-02-10 00:00:00,TLS-FL3A,19b,1304,C,84,,MM,
2020-02-10 00:00:00,TLS-FL3A,19b,1305,S5,86,,MM,
2020-02-10 00:00:00,TLS-FL3A,19b,1306,S3,64,,MM,
2020-02-10 00:00:00,TLS-FL3A,19b,1307,S1,59,,MM,
2020-02-10 00:00:00,TLS-FL3A,19b,1309,W5,84,,MM,forested
2020-02-10 00:00:00,TLS-FL3A,19b,1310,W4,86,,MM,forested
2020-02-10 00:00:00,TLS-FL3A,19b,1312,W3,64,,MM,forested
2020-02-10 00:00:00,TLS-FL3A,19b,1313,W2,59,,MM,forested
2020-02-10 00:00:00,TLS-FL3A,19b,1315,W1,83,,MM,
2020-02-10 00:00:00,TLS-FL3A,19b,1317,E5,84,,MM,some slipping in slab/crust layer
2020-02-10 00:00:00,TLS-FL3A,19b,1319,E4,94,,MM,crust layer
2020-02-10 00:00:00,TLS-FL3A,19b,1320,E3,75,,MM,"crust layer, slow and fast SMP speed"
2020-02-10 00:00:00,TLS-FL3A,19b,1321,E2,85,,MM,crust layer
2020-02-10 00:00:00,TLS-FL3A,19b,1323,P,90,,MM,
2020-02-10 00:00:00,TLS-FL3A,19b,1324,P,90,,MM,
2020-02-10 00:00:00,TLS-FL3A,19b,1325,P,90,,MM,
2020-02-10 00:00:00,6N17,19b,1326,P,120,,MM,
2020-02-10 00:00:00,6N17,19b,1327,P,120,,MM,"negative spike, right after cleaning tip…?"
2020-02-10 00:00:00,6N17,19b,1328,P,120,,MM,"negative spike, right after cleaning tip…?"
2020-02-10 00:00:00,6N17,19b,1329,C,120,,MM,
2020-02-10 00:00:00,6N17,19b,1330,W5,109,,MM,slow SMP
2020-02-10 00:00:00,6N17,19b,1331,W5,109,,MM,"repeat, both look similar"
2020-02-10 00:00:00,6N17,19b,1332,W4,79,,MM,
2020-02-10 00:00:00,6N17,19b,1333,W3,85,,MM,negative spike
2020-02-10 00:00:00,6N17,19b,1334,W2,123,,MM,
2020-02-10 00:00:00,6N17,19b,1335,W1,99,,MM,
2020-02-10 00:00:00,6N17,19b,1336,S1,93,,MM,
2020-02-10 00:00:00,6N17,19b,1337,S2,110,,MM,
2020-02-10 00:00:00,6N17,19b,1338,S3,104,,MM,
2020-02-10 00:00:00,6N17,19b,1339,S4,101,,MM,
2020-02-10 00:00:00,6N17,19b,1341,S5,122,,MM,
2020-02-10 00:00:00,6N17,19b,1342,E5,133,,MM,
2020-02-10 00:00:00,6N17,19b,1343,E4,118,,MM,
2020-02-10 00:00:00,6N17,19b,1344,E3,115,,MM,
2020-02-10 00:00:00,6N17,19b,1345,E2,108,,MM,slow SMP
2020-02-10 00:00:00,6N17,19b,1347,E1,113,,MM,slow SMP
2020-02-10 00:00:00,6N17,19b,1348,N5,101,,MM,
2020-02-10 00:00:00,6N17,19b,1349,N4,114,,MM,
2020-02-10 00:00:00,6N17,19b,1350,N3,73,,MM,"slow and fast, in small tree island, skipped N2- too slabby"
2020-02-10 00:00:00,5N10,19b,1353,P,93,,MM,
2020-02-10 00:00:00,5N10,19b,1354,P,93,,MM,
2020-02-10 00:00:00,5N10,19b,1355,P,93,,MM,
2020-02-10 00:00:00,5N10,19b,1356,PR,103,,MM,Passive Radiometer (Mike Durand's)
2020-02-10 00:00:00,5N10,19b,1357,PR,103,,MM,Passive Radiometer (Mike Durand's)
2020-02-10 00:00:00,5N10,19b,1358,PR,103,,MM,Passive Radiometer (Mike Durand's)
2020-02-10 00:00:00,5N10,19b,1360,W5,113,,MM,
2020-02-10 00:00:00,5N10,19b,1361,W4,93,,MM,
2020-02-10 00:00:00,5N10,19b,1362,W3,91,,MM,
2020-02-10 00:00:00,5N10,19b,1364,W2,109,,MM,
2020-02-10 00:00:00,5N10,19b,1365,W1,34,,MM,check depth after copying notes?
2020-02-10 00:00:00,5N10,19b,1366,C,95,,MM,
2020-02-10 00:00:00,5N10,19b,1367,E5,104,,MM,
2020-02-10 00:00:00,5N10,19b,1368,E4,119,,MM,
2020-02-10 00:00:00,5N10,19b,1369,E3,104,,MM,
2020-02-10 00:00:00,5N10,19b,1370,E2,104,,MM,
2020-02-10 00:00:00,5N10,19b,1371,E1,110,,MM,
2020-02-10 00:00:00,5N10,19b,1372,N3,107,,MM,
2020-02-10 00:00:00,5N10,19b,1373,N2,92,,MM,
2020-02-10 00:00:00,5N10,19b,1374,N1,104,,MM,
2020-02-10 00:00:00,5N10,19b,1376,S3,94,,MM,
2020-02-10 00:00:00,5N10,19b,1377,S2,101,,MM,
2020-02-10 00:00:00,5N10,19b,1379,S1,116,,MM,
2020-02-10 00:00:00,5N11,19b,1381,P,74,,MM,
2020-02-10 00:00:00,5N11,19b,1382,P,74,,MM,
2020-02-10 00:00:00,5N11,19b,1383,P,74,,MM,
2020-02-10 00:00:00,5N11,19b,1384,C,,,MM,
2020-02-10 00:00:00,5N11,19b,1385,PR,95,,MM,Passive Radiometer (Mike Durand's)
2020-02-10 00:00:00,5N11,19b,1386,PR,95,,MM,
2020-02-10 00:00:00,5N11,19b,1387,PR,95,,MM,
2020-02-10 00:00:00,5N11,19b,1388,E1,103,,MM,
2020-02-10 00:00:00,5N11,19b,1389,E2,94,,MM,
2020-02-10 00:00:00,5N11,19b,1390,E3,108,,MM,
2020-02-10 00:00:00,5N11,19b,1391,E4,90,,MM,
2020-02-10 00:00:00,5N11,19b,1392,E5,81,,MM,
2020-02-10 00:00:00,5N11,19b,1393,W5,103,,MM,
2020-02-10 00:00:00,5N11,19b,1394,W4,101,,MM,
2020-02-10 00:00:00,5N11,19b,1395,W3,87,,MM,
2020-02-10 00:00:00,5N11,19b,1396,W2,82,,MM,slow SMP
2020-02-10 00:00:00,5N11,19b,1397,W1,84,,MM,
2020-02-10 00:00:00,5N11,19b,1398,N3,87,,MM,negative spike 
2020-02-10 00:00:00,5N11,19b,1399,N2,79,,MM,slow and fast 
2020-02-10 00:00:00,5N11,19b,1400,N1,89,,MM,
2020-02-10 00:00:00,5N11,19b,1403,S3,74,,MM,
2020-02-10 00:00:00,5N11,19b,1404,S2,95,,MM,
2020-02-10 00:00:00,5N11,19b,1405,S1,93,,MM,
2020-02-11 00:00:00,TLS-FL2A,19b,1408,C,111,,MM,
2020-02-11 00:00:00,TLS-FL2A,19b,1410,N2,,,MM,hit ground
2020-02-11 00:00:00,TLS-FL2A,19b,1411,N1,,,MM,hit ground
2020-02-11 00:00:00,TLS-FL2A,19b,1412,W5,,,MM,
2020-02-11 00:00:00,TLS-FL2A,19b,1415,W4,103,,MM,
2020-02-11 00:00:00,TLS-FL2A,19b,1416,W3,76,,MM,
2020-02-11 00:00:00,TLS-FL2A,19b,1418,W2,77,,MM,
2020-02-11 00:00:00,TLS-FL2A,19b,1419,W1,74,,MM,
2020-02-11 00:00:00,TLS-FL2A,19b,1421,E5,111,,MM,
2020-02-11 00:00:00,TLS-FL2A,19b,1422,E4,104,,MM,
2020-02-11 00:00:00,TLS-FL2A,19b,1423,E2,120,,MM,"Some slip on the wind slab, No E3, too slabby"
2020-02-11 00:00:00,TLS-FL2A,19b,1424,E1,104,,MM,
2020-02-11 00:00:00,TLS-FL2A,19b,1425,N2,93,,MM,"No N3, too slabby"
2020-02-11 00:00:00,TLS-FL2A,19b,1426,N1,83,,MM,
2020-02-11 00:00:00,TLS-FL2A,19b,1428,P,,,MM,
2020-02-11 00:00:00,TLS-FL2A,19b,1431,P,,,MM,
2020-02-11 00:00:00,TLS-FL2A,19b,1432,P,,,MM,
2020-02-11 00:00:00,1N3,19b,1433,C,74,,MM,
2020-02-11 00:00:00,1N3,19b,1435,E5,69,,MM,some slip on the wind slab 
2020-02-11 00:00:00,1N3,19b,1436,E4,77,,MM,
2020-02-11 00:00:00,1N3,19b,1437,E3,83,,MM,
2020-02-11 00:00:00,1N3,19b,1438,E2,78,,MM,
2020-02-11 00:00:00,1N3,19b,1440,E1,99,,MM,
2020-02-11 00:00:00,1N3,19b,1441,W5,85,,MM,
2020-02-11 00:00:00,1N3,19b,1442,W4,64,,MM,
2020-02-11 00:00:00,1N3,19b,1443,W3,50,,MM,
2020-02-11 00:00:00,1N3,19b,1444,W2,59,,MM,
2020-02-11 00:00:00,1N3,19b,1445,W1,58,,MM,
2020-02-11 00:00:00,1N3,19b,1446,S1,69,,MM,
2020-02-11 00:00:00,1N3,19b,1447,S2,,,MM,
2020-02-11 00:00:00,1N3,19b,1448,S3,72,,MM,
2020-02-11 00:00:00,1N3,19b,1449,N1,85,,MM,
2020-02-11 00:00:00,1N3,19b,1450,N2,64,,MM,
2020-02-11 00:00:00,1N3,19b,1451,N3,75,,MM,
2020-02-11 00:00:00,1N3,19b,1452,P,67,,MM,
2020-02-11 00:00:00,1N3,19b,1453,P,67,,MM,
2020-02-11 00:00:00,1N3,19b,1454,P,67,,MM,
2020-02-11 00:00:00,2N14,19b,1455,C,98,,MM,
2020-02-11 00:00:00,2N14,19b,1456,W1,98,,MM,
2020-02-11 00:00:00,2N14,19b,1457,W2,77,,MM,
2020-02-11 00:00:00,2N14,19b,1458,W3,84,,MM,
2020-02-11 00:00:00,2N14,19b,1460,W4,84,,MM,
2020-02-11 00:00:00,2N14,19b,1461,W5,89,,MM,
2020-02-11 00:00:00,2N14,19b,1464,E1,92,,MM,slow SMP
2020-02-11 00:00:00,2N14,19b,1465,E2,92,,MM,slow SMP
2020-02-11 00:00:00,2N14,19b,1468,P,84,,MM,
2020-02-11 00:00:00,2N14,19b,1469,P,84,,MM,
2020-02-11 00:00:00,2N14,19b,1470,P,84,,MM,
2020-02-11 00:00:00,2N51,19b,1473,P,105,,MM,
2020-02-11 00:00:00,2N51,19b,1474,P,105,,MM,
2020-02-11 00:00:00,2N51,19b,1475,P,105,,MM,
2020-02-11 00:00:00,1N23,19b,1476,P,61,,MM,
2020-02-11 00:00:00,1N23,19b,1477,P,61,,MM,
2020-02-11 00:00:00,1N23,19b,1478,P,61,,MM,
2020-02-12 00:00:00,2C12,19b,1479,C,89,,MM,
2020-02-12 00:00:00,2C12,19b,1480,W1,90,,MM,
2020-02-12 00:00:00,2C12,19b,1481,W2,100,,MM,
2020-02-12 00:00:00,2C12,19b,1482,W3,84,,MM,
2020-02-12 00:00:00,2C12,19b,1483,W4,110,,MM,
2020-02-12 00:00:00,2C12,19b,1484,W5,94,,MM,
2020-02-12 00:00:00,2C12,19b,1486,E1,86,,MM,
2020-02-12 00:00:00,2C12,19b,1487,E2,92,,MM,
2020-02-12 00:00:00,2C12,19b,1488,E3,86,,MM,
2020-02-12 00:00:00,2C12,19b,1489,E4,77,,MM,
2020-02-12 00:00:00,2C12,19b,1490,E5,104,,MM,
